autor_email,contenido,imagen
sergi.castro@devhub-mail.com,"Terminando un curso de Docker y Kubernetes, recomendadisimo para backend devs.",
sergi.castro@devhub-mail.com,Buscando freelancers con experiencia en Flutter para un proyecto interesante.,
marta.lopez@devhub-mail.com,Consejos para mejorar el rendimiento de una app React con muchos re-renders.,
victor.romero@devhub-mail.com,¿Alguien tiene experiencia integrando Stripe con React? Busco consejos.,
alex.bosch@devhub-mail.com,"Terminando un curso de Docker y Kubernetes, recomendadisimo para backend devs.",
alex.bosch@devhub-mail.com,"Empezando a aprender Rust, cualquier recurso recomendado es bienvenido.",
sergi.castro@devhub-mail.com,"Terminando un curso de Docker y Kubernetes, recomendadisimo para backend devs.",
clara.torres@devhub-mail.com,Reflexionando sobre las mejores practicas de seguridad en APIs REST.,
hugo.ferrer@devhub-mail.com,Buscando freelancers con experiencia en Flutter para un proyecto interesante.,
jordi.perez@devhub-mail.com,Buscando freelancers con experiencia en Flutter para un proyecto interesante.,
pau.camps@devhub-mail.com,"Empezando a aprender Rust, cualquier recurso recomendado es bienvenido.",
nuria.delgado@devhub-mail.com,Reflexionando sobre las mejores practicas de seguridad en APIs REST.,
