cliente_email,titulo,descripcion,presupuesto,deadline,estado,tecnologiasRequeridas,freelancer_asignado_email
marina.puig@devhub-mail.com,App de fitness y nutricion,Necesito app de fitness y nutricion con buenas practicas y documentacion clara.,2412,2027-10-19,Abierto,Tailwind CSS;MongoDB;JavaScript;CSS;React,
sofia.vidal@devhub-mail.com,Herramienta de gestion de proyectos,Necesito herramienta de gestion de proyectos con buenas practicas y documentacion clara.,7612,2027-07-15,Cancelado,Angular;TypeScript,
carla.lopez@devhub-mail.com,Comparador de precios,Necesito comparador de precios con buenas practicas y documentacion clara.,5367,2027-03-07,Completado,HTML;Swift,clara.torres@devhub-mail.com
cristina.romero@devhub-mail.com,Portal de noticias,Necesito portal de noticias con buenas practicas y documentacion clara.,3575,2026-03-16,Completado,MongoDB;TypeScript;Swift;Flutter;Next.js,pau.camps@devhub-mail.com
eric.torres@devhub-mail.com,Portal de noticias,Necesito portal de noticias con buenas practicas y documentacion clara.,5878,2026-02-28,En progreso,Swift;Flutter;HTML;CSS,david.ortega@devhub-mail.com
marina.puig@devhub-mail.com,App de control de gastos,Necesito app de control de gastos con buenas practicas y documentacion clara.,3834,2027-04-22,Abierto,MongoDB;Jest;Redis,
eric.torres@devhub-mail.com,App de alquiler de coches,Necesito app de alquiler de coches con buenas practicas y documentacion clara.,1045,2026-12-28,Cancelado,TypeScript;Express;Laravel;Angular;Go,
judith.serra@devhub-mail.com,Directorio de profesionales,Necesito directorio de profesionales con buenas practicas y documentacion clara.,7606,2027-06-25,Abierto,Vue.js;PostgreSQL;AWS,
dani.castro@devhub-mail.com,Sistema de gestion de inventario,Necesito sistema de gestion de inventario con buenas practicas y documentacion clara.,5761,2026-04-24,Abierto,React;Laravel;Python,
alba.camps@devhub-mail.com,Plataforma de cursos online,Necesito plataforma de cursos online con buenas practicas y documentacion clara.,5249,2027-03-07,Completado,Laravel;HTML;Kotlin,alex.bosch@devhub-mail.com
cristina.romero@devhub-mail.com,Sistema de tickets de soporte,Necesito sistema de tickets de soporte con buenas practicas y documentacion clara.,7861,2026-08-06,En progreso,AWS;TypeScript;Kotlin,clara.torres@devhub-mail.com
judith.serra@devhub-mail.com,Marketplace de segunda mano,Necesito marketplace de segunda mano con buenas practicas y documentacion clara.,4616,2027-12-22,Completado,Redis;Tailwind CSS;GraphQL;Angular;CSS,pol.molina@devhub-mail.com
noa.camps@devhub-mail.com,App de delivery de comida,Necesito app de delivery de comida con buenas practicas y documentacion clara.,1298,2027-06-14,Completado,PostgreSQL;Django,laura.roca@devhub-mail.com
judith.serra@devhub-mail.com,Sistema de tickets de soporte,Necesito sistema de tickets de soporte con buenas practicas y documentacion clara.,6542,2026-07-13,Completado,Angular;PostgreSQL;React;PHP;Laravel,aina.delgado@devhub-mail.com
sofia.vidal@devhub-mail.com,Sistema de tickets de soporte,Necesito sistema de tickets de soporte con buenas practicas y documentacion clara.,5194,2026-07-20,En progreso,Laravel;Flutter;Tailwind CSS;GraphQL;Redis,clara.torres@devhub-mail.com
eric.torres@devhub-mail.com,Directorio de profesionales,Necesito directorio de profesionales con buenas practicas y documentacion clara.,7044,2027-06-08,Completado,PostgreSQL;Python;CSS;AWS;Flutter,marc.puig@devhub-mail.com
ivan.marti@devhub-mail.com,Portal de noticias,Necesito portal de noticias con buenas practicas y documentacion clara.,641,2026-07-29,En progreso,Kubernetes;Next.js;Express;Django;React,jordi.perez@devhub-mail.com
sofia.vidal@devhub-mail.com,Red social de nicho,Necesito red social de nicho con buenas practicas y documentacion clara.,5393,2026-06-30,En progreso,MongoDB;PostgreSQL;Redis,paula.martinez@devhub-mail.com
mario.vila@devhub-mail.com,Comparador de precios,Necesito comparador de precios con buenas practicas y documentacion clara.,1648,2027-02-25,En progreso,Flutter;Angular;Express,irene.pons@devhub-mail.com
marina.puig@devhub-mail.com,Sistema de tickets de soporte,Necesito sistema de tickets de soporte con buenas practicas y documentacion clara.,5565,2027-08-14,Completado,Python;Angular;MongoDB;HTML,pau.camps@devhub-mail.com
carla.lopez@devhub-mail.com,Plataforma de cursos online,Necesito plataforma de cursos online con buenas practicas y documentacion clara.,525,2026-12-30,Completado,Laravel;GraphQL,nuria.delgado@devhub-mail.com
noa.camps@devhub-mail.com,Comparador de precios,Necesito comparador de precios con buenas practicas y documentacion clara.,6762,2027-12-15,Completado,JavaScript;CSS,elena.perez@devhub-mail.com
alba.camps@devhub-mail.com,App de delivery de comida,Necesito app de delivery de comida con buenas practicas y documentacion clara.,6511,2026-12-04,En progreso,TypeScript;Swift,nuria.delgado@devhub-mail.com
gerard.reyes@devhub-mail.com,Blog corporativo con CMS,Necesito blog corporativo con cms con buenas practicas y documentacion clara.,4101,2027-09-18,Cancelado,Kotlin;HTML;Angular;Django;React,
marina.puig@devhub-mail.com,Comparador de precios,Necesito comparador de precios con buenas practicas y documentacion clara.,7760,2027-06-12,En progreso,PostgreSQL;Laravel;React;Angular;Next.js,paula.martinez@devhub-mail.com
cristina.romero@devhub-mail.com,Directorio de profesionales,Necesito directorio de profesionales con buenas practicas y documentacion clara.,6552,2027-12-26,Completado,HTML;Tailwind CSS;Redis;Vue.js;Express,irene.pons@devhub-mail.com
bruno.perez@devhub-mail.com,App de fitness y nutricion,Necesito app de fitness y nutricion con buenas practicas y documentacion clara.,1916,2027-05-09,En progreso,Laravel;TypeScript,irene.pons@devhub-mail.com
bruno.perez@devhub-mail.com,CRM para pequeñas empresas,Necesito crm para pequeñas empresas con buenas practicas y documentacion clara.,7766,2026-09-08,En progreso,Redis;Go;MongoDB,paula.martinez@devhub-mail.com
dani.castro@devhub-mail.com,Marketplace de segunda mano,Necesito marketplace de segunda mano con buenas practicas y documentacion clara.,5705,2027-08-08,Completado,Kotlin;Go;PostgreSQL;TypeScript;AWS,hugo.ferrer@devhub-mail.com
noa.camps@devhub-mail.com,Directorio de profesionales,Necesito directorio de profesionales con buenas practicas y documentacion clara.,6630,2026-09-03,En progreso,Kubernetes;Kotlin;Django;MongoDB;Express,jordi.perez@devhub-mail.com
sofia.vidal@devhub-mail.com,Portal de noticias,Necesito portal de noticias con buenas practicas y documentacion clara.,608,2027-03-26,Completado,Python;Swift;HTML,marc.puig@devhub-mail.com
noa.camps@devhub-mail.com,Plataforma de reservas online,Necesito plataforma de reservas online con buenas practicas y documentacion clara.,7527,2027-10-18,En progreso,Express;Vue.js;Next.js,nuria.delgado@devhub-mail.com
noa.camps@devhub-mail.com,Red social de nicho,Necesito red social de nicho con buenas practicas y documentacion clara.,4002,2027-12-12,Completado,React;Redis;Express;Swift,elena.perez@devhub-mail.com
carla.lopez@devhub-mail.com,CRM para pequeñas empresas,Necesito crm para pequeñas empresas con buenas practicas y documentacion clara.,2812,2026-06-19,Completado,GraphQL;Docker,paula.martinez@devhub-mail.com
judith.serra@devhub-mail.com,Plataforma de cursos online,Necesito plataforma de cursos online con buenas practicas y documentacion clara.,4114,2027-06-26,Completado,JavaScript;Vue.js,marc.puig@devhub-mail.com
